id,label,substate,in_slop_archive,body_chars,cve_ids,created_at,title
"518097","unlabelled","informative","False","759","['CVE-2019-3823']","2019-03-28T15:41:49.311Z","libcurl: SMTP end-of-response out-of-bounds read - CVE-2019-3823"
"545052","unlabelled","not-applicable","False","702","[]","2019-04-22T07:32:14.553Z","Github wikis are editable by anyone #Githubwikistakeover"
"547630","vuln","resolved","False","2378","['CVE-2019-5435', 'CVE-2018-14618']","2019-04-24T12:05:35.567Z","CVE-2019-5435: An integer overflow found in /lib/urlapi.c"
"550696","vuln","resolved","False","1167","['CVE-2019-5436']","2019-04-29T18:08:38.242Z","CVE-2019-5436: Heap Buffer Overflow at lib/tftp.c"
"591770","unlabelled","informative","False","3149","[]","2019-05-28T18:58:13.144Z","Signed integer overflow in tool_progress_cb()"
"600359","unlabelled","informative","False","1934","[]","2019-06-05T13:22:01.791Z","Integer overflow in the source code tool_cb_prg.c"
"608577","vuln","resolved","False","2530","['CVE-2019-5443']","2019-06-12T02:21:14.871Z","CVE-2019-5443: Windows Privilege Escalation: Malicious OpenSSL Engine"
"627245","unlabelled","informative","False","1461","[]","2019-06-24T13:23:01.226Z","Integer overlow in 'header_append' function"
"636013","unlabelled","informative","False","1744","[]","2019-07-04T23:24:45.720Z","huge COLUMNS causes progress-bar to buffer overflow"
"637800","unlabelled","informative","False","3381","[]","2019-07-08T17:08:00.783Z","Libcurl ocasionally sends HTTPS traffic to port 443 rather than specified port 8080"
"640530","unlabelled","not-applicable","False","3163","[]","2019-07-11T16:32:08.993Z","Insecure Frame (External)"
"640532","unlabelled","not-applicable","False","2128","[]","2019-07-11T16:36:34.770Z","Active Mixed Content over HTTPS"
"661847","unlabelled","informative","False","809","[]","2019-07-27T15:07:00.843Z","Integer overflows in tool_operate.c at line 1541"
"662412","unlabelled","informative","False","676","[]","2019-07-29T01:10:32.565Z","Integer overflow  at line 1603 in the src/operator.c file"
"684603","vuln","resolved","False","1489","['CVE-2019-5482', 'CVE-2019-5436']","2019-08-29T15:52:19.164Z","CVE-2019-5482: Heap buffer overflow in TFTP when using small blksize"
"686823","vuln","resolved","False","1106","['CVE-2019-5481']","2019-09-03T11:51:58.974Z","CVE-2019-5481: krb5: double-free in read_data() after realloc() fail"
"687734","unlabelled","informative","False","316","[]","2019-09-04T12:49:57.663Z","Double-free of `trailers_buf' on `Curl_http_compile_trailers()` failure"
"688048","unlabelled","informative","False","1986","[]","2019-09-04T18:47:19.056Z","Incorrect IPv6 literal parsing leads to validated connection to unexpected https server."
"694449","unlabelled","informative","False","1935","[]","2019-09-13T14:09:24.170Z","Buffer write overflow when forming dns over http request"
"694988","unlabelled","informative","False","2860","[]","2019-09-14T20:45:50.296Z","Resource leak when using a normal site as DOH server"
"696822","unlabelled","informative","False","2698","[]","2019-09-18T01:52:21.989Z","Potential invocation of qsort on uninitialized memory during cookie save"
"704621","unlabelled","informative","False","1832","['CVE-2018-3774']","2019-10-01T02:48:40.536Z","SSRF via maliciously crafted URL due to host confusion"
"707006","unlabelled","informative","False","4985","[]","2019-10-03T09:46:43.827Z","use after free in cookie.c"
"713975","unlabelled","informative","False","1675","[]","2019-10-14T14:51:22.948Z","Only OpenSSL handles a CRL when passed in via CApath "
"714215","unlabelled","informative","False","6373","['CVE-2019-1552', 'CVE-2019-5443']","2019-10-14T23:02:51.094Z","curl on Windows can be forced to execute code via OpenSSL environment variables"
"715413","unlabelled","informative","False","2244","['CVE-2019-14553']","2019-10-16T11:24:19.420Z","curl successfully matches IP address literal in URL against IP address literal in certificate Common Name"
"724134","unlabelled","informative","False","2267","[]","2019-10-28T18:37:12.913Z","Race condition with CURL_LOCK_DATA_CONNECT can cause connections to be used at the same time"
"726117","unlabelled","not-applicable","False","3298","[]","2019-10-31T06:08:59.735Z","SMB access smuggling via FILE URL on Windows"
"765664","unlabelled","informative","False","2379","[]","2019-12-29T05:53:26.416Z","Heap Buffer Overflow (READ of size 1) in ourWriteOut"
"770190","unlabelled","informative","False","955","[]","2020-01-08T11:29:41.917Z","Unexpected access to process open files via file:///proc/self/fd/n"
"773313","unlabelled","not-applicable","False","2742","[]","2020-01-13T09:25:45.926Z","Port and service scanning on localhost due to improper URL validation."
"774883","unlabelled","informative","False","348","[]","2020-01-14T17:44:31.429Z","Division by zero if terminal width is 2"
"812969","unlabelled","informative","False","932","['CVE-2019-15601']","2020-03-08T01:06:41.661Z","curl still vulnerable to SMB access smuggling via FILE URL on Windows"
"872089","unlabelled","informative","False","2255","['CVE-2018-16839']","2020-05-12T16:26:28.342Z","Curl_auth_create_plain_message integer overflow leads to heap buffer overflow"
"874778","vuln","resolved","False","4448","['CVE-2020-8169']","2020-05-15T09:14:00.772Z","CVE-2020-8169: Partial password leak over DNS on HTTP redirect"
"875775","unlabelled","informative","False","4573","[]","2020-05-15T23:21:01.674Z","Invalid write (or double free) triggers curl command line tool crash"
"887462","vuln","resolved","False","2737","['CVE-2020-8177']","2020-05-30T13:08:39.175Z","CVE-2020-8177: curl overwrite local file with -J"
"889160","unlabelled","informative","False","4652","[]","2020-06-02T08:45:04.680Z","Poll loop/hang on incomplete HTTP header"
"926638","unlabelled","informative","False","3099","['CVE-2020-8177']","2020-07-18T00:52:32.779Z","curl overwrites local file with -J option if file non-readable, but file writable."
"948876","vuln","resolved","False","6055","['CVE-2020-8231']","2020-07-31T20:57:36.135Z","CVE-2020-8231: Connect-only connections can use the wrong connection"
"1019372","unlabelled","informative","False","2805","[]","2020-10-26T21:42:14.273Z","Parallel upload hangs curl if upload file not found"
"1019457","unlabelled","informative","False","3475","[]","2020-10-27T00:52:50.602Z","Data race conditions reported by helgrind when performing parallel DNS queries in libcurl"
"1024749","unlabelled","not-applicable","False","857","[]","2020-11-02T19:25:25.066Z","Cookie exposure due to unexpected file permission change"
"1040166","vuln","resolved","False","2379","['CVE-2020-8284']","2020-11-21T13:57:43.758Z","CVE-2020-8284: trusting FTP PASV responses"
"1045844","vuln","resolved","False","3257","['CVE-2020-8285']","2020-11-27T22:59:28.374Z","CVE-2020-8285: FTP wildcard stack overflow"
"1048457","vuln","resolved","False","1774","['CVE-2020-8286']","2020-12-01T20:53:56.493Z","CVE-2020-8286: Inferior OCSP verification"
"1049624","unlabelled","informative","False","1456","[]","2020-12-03T11:02:57.013Z","Abusing URL Parsers by long schema name"
"1086259","unlabelled","not-applicable","False","1386","['CVE-2018-1000007']","2021-01-25T02:37:39.824Z","Proxy-Authorization header carried to a new host on a redirect"
"1101882","vuln","resolved","False","3465","['CVE-2021-22876']","2021-02-12T01:08:34.999Z","CVE-2021-22876: Automatic referer leaks credentials"
"1113663","unlabelled","not-applicable","False","534","[]","2021-03-01T09:37:07.051Z","Inadequate Cryptographic Key Size and Insecure Cryptographic Mode.  File Name :- curl_ntlm_core.c"
"1129529","vuln","resolved","False","5275","['CVE-2021-22890']","2021-03-17T18:30:33.904Z","CVE-2021-22890: TLS 1.3 session ticket proxy host mixup"
"1172857","vuln","resolved","False","1477","['CVE-2021-22897']","2021-04-22T22:39:18.170Z","CVE-2021-22897: schannel cipher selection surprise"
"1176461","vuln","resolved","False","13213","['CVE-2021-22898']","2021-04-27T09:49:43.213Z","CVE-2021-22898: TELNET stack contents disclosure"
"1180380","vuln","resolved","False","2522","['CVE-2021-22901']","2021-04-29T20:31:01.285Z","CVE-2021-22901: TLS session caching disaster"
"1213175","vuln","resolved","False","1371","['CVE-2021-22922']","2021-05-30T20:49:36.999Z","CVE-2021-22922: Wrong content via metalink not discarded"
"1213181","vuln","resolved","False","1334","['CVE-2021-22923']","2021-05-30T21:32:16.923Z","CVE-2021-22923: Metalink download sends credentials"
"1223565","vuln","resolved","False","5487","['CVE-2021-22924']","2021-06-11T03:47:23.868Z","CVE-2021-22924: Bad connection reuse due to flawed path name checks"
"1223882","vuln","resolved","False","3253","['CVE-2021-22925', 'CVE-2021-22898']","2021-06-11T12:15:31.808Z","CVE-2021-22925: TELNET stack contents disclosure again"
"1234760","vuln","resolved","False","1659","['CVE-2021-22926']","2021-06-15T15:39:06.658Z","CVE-2021-22926: CURLOPT_SSLCERT mixup with Secure Transport"
"1269242","vuln","resolved","False","3859","['CVE-2021-22945']","2021-07-19T18:20:56.555Z","CVE-2021-22945: UAF and double-free in MQTT sending"
"1334111","vuln","resolved","False","836","['CVE-2021-22946']","2021-09-09T00:34:37.934Z","CVE-2021-22946: Protocol downgrade required TLS bypassed"
"1334763","vuln","resolved","False","455","['CVE-2021-22947']","2021-09-09T14:00:44.703Z","CVE-2021-22947: STARTTLS protocol injection via MITM"
"1444539","unlabelled","informative","False","6618","[]","2022-01-09T15:24:59.000Z"," Remote memory disclosure vulnerability in libcurl on 64 Bit Windows"
"1463013","unlabelled","informative","False","1399","[]","2022-01-28T18:22:32.999Z","Occasional use-after-free in multi_done() libcurl-7.81.0"
"1468962","unlabelled","not-applicable","False","1062","[]","2022-02-03T02:22:00.637Z","Binary output bypass"
"1485379","unlabelled","not-applicable","False","2086","[]","2022-02-18T18:51:47.485Z","Use of Unsafe function || Strcpy"
"1521610","unlabelled","informative","False","1733","[]","2022-03-24T21:32:03.625Z","Denial of Service vulnerability in curl when parsing MQTT server response"
"1526328","vuln","resolved","False","1184","['CVE-2022-22576']","2022-03-30T12:47:16.155Z","CVE-2022-22576: OAUTH2 bearer bypass in connection re-use"
"1542881","unlabelled","informative","False","8973","[]","2022-04-17T03:11:27.249Z","curl proceeds with unsafe connections when -K file can't be read"
"1543773","vuln","resolved","False","1834","['CVE-2022-27774']","2022-04-18T19:36:47.046Z","CVE-2022-27774: Credential leak on redirect"
"1546268","vuln","resolved","False","1601","['CVE-2022-27775']","2022-04-21T03:28:28.374Z","CVE-2022-27775: Bad local IPv6 connection reuse"
"1547048","vuln","resolved","False","1627","['CVE-2022-27776']","2022-04-21T15:20:43.908Z","CVE-2022-27776: Auth/cookie leak on redirect "
"1548535","unlabelled","informative","False","1326","[]","2022-04-23T02:47:28.668Z","--libcurl code injection via trigraphs"
"1549435","unlabelled","not-applicable","False","665","[]","2022-04-24T16:02:36.316Z","CURLOPT_SSH_HOST_PUBLIC_KEY_SHA256 comparison disaster"
"1549461","unlabelled","not-applicable","False","1335","[]","2022-04-24T17:04:26.172Z","CURLOPT_SSH_HOST_PUBLIC_KEY_MD5 bypass if string not 32 chars"
"1553301","vuln","resolved","False","1265","['CVE-2022-27779']","2022-04-28T08:30:28.110Z","CVE-2022-27779: cookie for trailing dot TLD"
"1553598","vuln","resolved","False","1322","['CVE-2022-27778']","2022-04-28T12:58:26.679Z","CVE-2022-27778: curl removes wrong file on error"
"1553841","vuln","resolved","False","2563","['CVE-2022-27780']","2022-04-28T17:26:19.588Z","CVE-2022-27780: percent-encoded path separator in URL host"
"1555440","unlabelled","not-applicable","False","3606","[]","2022-04-30T19:22:20.287Z","match"
"1555441","vuln","resolved","False","3173","['CVE-2022-27781']","2022-04-30T19:24:14.187Z","CVE-2022-27781: CERTINFO never-ending busy-loop"
"1555796","vuln","resolved","False","1828","['CVE-2022-27782']","2022-05-01T14:44:23.904Z","CVE-2022-27782: TLS and SSH connection too eager reuse"
"1557449","vuln","resolved","False","1017","['CVE-2022-30115']","2022-05-03T09:03:34.537Z","CVE-2022-30115: HSTS bypass via trailing dot"
"1560324","unlabelled","not-applicable","False","3284","[]","2022-05-05T17:48:16.307Z","Cookie injection from non-secure context"
"1563061","unlabelled","not-applicable","False","2089","[]","2022-05-08T19:54:44.597Z","Certificate authentication re-use on redirect"
"1564922","unlabelled","not-applicable","False","1464","['CVE-2019-5435']","2022-05-10T16:10:48.863Z","Integer overflows in unescape_word()"
"1566462","unlabelled","not-applicable","False","3058","[]","2022-05-12T06:20:27.793Z","error parse uri path in curl"
"1567257","unlabelled","informative","False","6893","[]","2022-05-12T14:53:29.280Z","Memory leak in CURLOPT_XOAUTH2_BEARER"
"1568175","unlabelled","not-applicable","False","2988","['CVE-2022-27776']","2022-05-13T11:31:21.465Z","Credential leak on redirect"
"1569926","unlabelled","not-applicable","False","1937","[]","2022-05-13T19:09:38.556Z","Credential leak when use two url"
"1569946","vuln","resolved","False","1860","['CVE-2022-32205']","2022-05-13T19:53:49.142Z","CVE-2022-32205: Set-Cookie denial of service"
"1570651","vuln","resolved","False","1781","['CVE-2022-32206']","2022-05-15T01:56:48.774Z","CVE-2022-32206: HTTP compression denial of service"
"1572120","unlabelled","not-applicable","False","1002","[]","2022-05-16T15:19:36.811Z","curl 'globbing' can lead to denial of service attacks"
"1573634","vuln","resolved","False","2911","['CVE-2022-32207']","2022-05-17T17:28:53.876Z","CVE-2022-32207: Unpreserved file permissions"
"1589847","unlabelled","not-applicable","False","1742","[]","2022-06-02T15:29:52.702Z","Heap overflow via HTTP/2 PUSH_PROMISE"
"1590071","vuln","resolved","False","3719","['CVE-2022-32208']","2022-06-02T20:12:35.145Z","CVE-2022-32208: FTP-KRB bad message verification"
"1590102","unlabelled","not-applicable","False","863","[]","2022-06-02T20:58:34.467Z","KRB-FTP: Security level downgrade"
"1613943","vuln","resolved","False","3597","['CVE-2022-35252']","2022-06-26T08:46:53.961Z","CVE-2022-35252: control code in cookie denial of service"
"1704017","vuln","resolved","False","3487","['CVE-2022-32221']","2022-09-18T23:27:44.853Z","CVE-2022-32221: POST following PUT confusion"
"1721098","vuln","resolved","False","1922","['CVE-2022-35260']","2022-10-03T16:14:04.112Z","CVE-2022-35260: .netrc parser out-of-bounds access"
"1722065","vuln","resolved","False","3201","['CVE-2022-42915']","2022-10-04T15:34:57.518Z","CVE-2022-42915: HTTP proxy double-free"
"1730660","vuln","resolved","False","4487","['CVE-2022-42916']","2022-10-11T16:30:22.558Z","CVE-2022-42916: HSTS bypass via IDN"
"1755083","vuln","resolved","False","1818","['CVE-2022-43551', 'CVE-2022-42916']","2022-10-29T16:45:01.597Z","CVE-2022-43551: Another HSTS bypass via IDN"
"1764858","vuln","resolved","False","579","['CVE-2022-43552']","2022-11-07T16:45:50.217Z","CVE-2022-43552: HTTP Proxy deny use-after-free"
"1813864","vuln","resolved","False","432","['CVE-2023-23914']","2022-12-21T09:59:15.331Z","CVE-2023-23914: curl HSTS ignored on multiple requests"
"1814333","vuln","resolved","False","453","['CVE-2023-23915']","2022-12-21T12:48:23.786Z","CVE-2023-23915: HSTS amnesia with --parallel"
"1814824","unlabelled","informative","False","2588","[]","2022-12-22T04:12:23.366Z","curl file writing susceptible to symlink attacks"
"1825377","unlabelled","informative","False","820","[]","2023-01-07T01:05:51.501Z"," libssh backend CURLOPT_SSH_HOST_PUBLIC_KEY_SHA256 validation bypass"
"1826048","vuln","resolved","False","569","['CVE-2023-23916', 'CVE-2023-23915']","2023-01-08T12:34:31.598Z","CVE-2023-23916: HTTP multi-header compression denial of service"
"1826392","unlabelled","not-applicable","False","1986","[]","2023-01-09T08:16:50.864Z","curl/libcurl vulnerable to TLS truncation attacks"
"1891474","vuln","resolved","False","1837","['CVE-2023-27533']","2023-03-03T19:13:41.218Z","CVE-2023-27533: Telnet option IAC injection"
"1892351","vuln","resolved","False","1391","['CVE-2023-27534']","2023-03-05T02:08:44.770Z","CVE-2023-27534: SFTP path ~ resolving discrepancy"
"1892780","vuln","resolved","False","1220","['CVE-2023-27535']","2023-03-05T21:25:18.291Z","CVE-2023-27535: FTP too eager connection reuse"
"1895135","vuln","resolved","False","1210","['CVE-2023-27536']","2023-03-07T11:00:18.994Z","CVE-2023-27536: GSS delegation too eager connection re-use"
"1897203","vuln","resolved","False","3880","['CVE-2023-27537']","2023-03-08T18:10:27.746Z","CVE-2023-27537: HSTS double-free"
"1898475","vuln","resolved","False","626","['CVE-2023-27538']","2023-03-09T18:09:38.068Z","CVE-2023-27538: SSH connection too eager reuse still"
"1913733","vuln","resolved","False","1923","['CVE-2023-28319']","2023-03-21T12:05:28.374Z","CVE-2023-28319: UAF in SSH sha256 fingerprint check"
"1929597","vuln","resolved","False","6598","['CVE-2023-28320']","2023-04-02T01:19:19.253Z","CVE-2023-28320: siglongjmp race condition"
"1950627","vuln","resolved","False","1742","['CVE-2023-28321']","2023-04-17T16:54:15.242Z","CVE-2023-28321: IDN wildcard match"
"1954658","vuln","resolved","False","3810","['CVE-2023-28322', 'CVE-2022-32221']","2023-04-19T13:43:09.446Z","CVE-2023-28322: more POST-after-PUT confusion"
"1994585","unlabelled","informative","False","763","[]","2023-05-19T19:34:19.757Z","Cache purge requests are not authenticated"
"2039870","vuln","resolved","False","5070","['CVE-2023-32001']","2023-06-27T07:05:59.747Z","CVE-2023-32001: fopen race condition"
"2072338","vuln","resolved","False","2205","['CVE-2023-38039']","2023-07-17T12:43:20.202Z","CVE-2023-38039: HTTP header allocation DOS"
"2148242","vuln","resolved","False","1392","['CVE-2023-38546']","2023-09-14T14:58:50.358Z","CVE-2023-38546: cookie injection with none file"
"2171309","unlabelled","informative","False","3684","[]","2023-09-19T09:41:20.806Z","NULL Pointer dereference in idn.c"
"2187833","vuln","resolved","False","10717","['CVE-2023-38545']","2023-09-30T08:26:30.836Z","CVE-2023-38545: socks5 heap buffer overflow"
"2199174","slop","not-applicable","True","3733","[]","2023-10-10T04:25:20.591Z","[Critical] Curl CVE-2023-38545 vulnerability code changes are disclosed on the internet"
"2212193","vuln","resolved","False","1734","['CVE-2023-46218']","2023-10-16T18:28:56.686Z","CVE-2023-46218: cookie mixed case PSL bypass"
"2236133","vuln","resolved","False","5674","['CVE-2023-46219']","2023-11-02T00:51:08.247Z","CVE-2023-46219: HSTS long file name clears contents"
"2252307","unlabelled","not-applicable","False","4200","[]","2023-11-15T01:23:18.975Z","Buffer overflow and affected url:-https://github.com/curl/curl/blob/master/docs/examples/hsts-preload.c"
"2298307","slop","not-applicable","True","1516","[]","2023-12-28T06:55:53.765Z","Buffer Overflow Vulnerability in WebSocket Handling"
"2298922","vuln","resolved","False","1520","['CVE-2024-0853']","2023-12-29T02:22:16.531Z","CVE-2024-0853: OCSP verification bypass with TLS session reuse"
"2352676","unlabelled","not-applicable","False","2424","[]","2024-02-02T09:26:49.804Z","cookie is sent on redirect"
"2384833","vuln","resolved","False","3118","['CVE-2024-2004']","2024-02-21T19:56:12.005Z","CVE-2024-2004: Usage of disabled protocol"
"2402845","vuln","resolved","False","4188","['CVE-2024-2398']","2024-03-05T16:56:33.495Z","CVE-2024-2398: HTTP/2 push headers memory-leak"
"2402853","unlabelled","informative","False","3111","[]","2024-03-05T17:05:32.550Z","HTTP/2 PUSH_PROMISE DoS"
"2410774","vuln","resolved","False","4447","['CVE-2024-2379']","2024-03-10T21:32:06.332Z","CVE-2024-2379: QUIC certificate check bypass with wolfSSL"
"2416725","vuln","resolved","False","12990","['CVE-2016-3739', 'CVE-2013-4545', 'CVE-2013-6422', 'CVE-2014-0139', 'CVE-2014-1263', 'CVE-2014-2522', 'CVE-2014-8151', 'CVE-2024-2466']","2024-03-14T11:49:49.229Z","CVE-2024-2466: TLS certificate check bypass with mbedTLS"
"2493548","unlabelled","not-applicable","False","3791","['CVE-2023-24329', 'CVE-2024-22243']","2024-05-07T15:11:55.288Z","Incorrect Type Conversion in interpreting IPv4-mapped IPv6 addresses and below `curl` results in indeterminate SSRF vulnerabilities."
"2550951","unlabelled","not-applicable","False","7991","[]","2024-06-13T10:01:20.264Z","Unicode-to-ASCII conversion on Windows can lead to argument injection and more"
"2552179","unlabelled","not-applicable","False","3975","['CVE-2012-1823', 'CVE-2024-4577']","2024-06-14T08:39:46.806Z","Incorrect Encoding Conversion in hostname  results in indeterminate SSRF vulnerabilities"
"2552192","unlabelled","not-applicable","False","4997","[]","2024-06-14T09:03:18.409Z","Denial of Service in curl Request - HTTP headers eat all memory"
"2559516","vuln","resolved","False","3574","['CVE-2024-6197']","2024-06-18T23:00:06.739Z","CVE-2024-6197: freeing stack buffer in utf8asn1str"
"2559558","unlabelled","informative","False","1957","[]","2024-06-19T00:38:03.385Z","NULL dereference when encoding DN of x509 certificate"
"2604391","vuln","resolved","False","5078","['CVE-2024-6874']","2024-07-16T02:07:09.459Z","CVE-2024-6874: macidn punycode buffer overread"
"2629968","vuln","resolved","False","5875","['CVE-2024-7264']","2024-07-30T05:16:36.481Z","CVE-2024-7264: ASN.1 date parser overread"
"2669852","vuln","resolved","False","4548","['CVE-2024-8096']","2024-08-19T17:31:44.551Z","CVE-2024-8096: OCSP stapling bypass with GnuTLS"
"2764830","vuln","resolved","False","2591","['CVE-2024-9681']","2024-10-07T16:58:58.995Z","CVE-2024-9681: HSTS subdomain overwrites parent cache entry"
"2792484","unlabelled","informative","False","2803","[]","2024-10-18T21:29:31.887Z","When curl uses Schannel as TLS backend, it fails to enforce TLS 1.3 cipher suite selections correctly"
"2814750","unlabelled","not-applicable","False","5588","[]","2024-10-31T13:57:58.825Z","Inconsistent URL Parsing in curl Leading to Potential SSRF and Access Control Bypass"
"2819666","slop","not-applicable","True","1365","[]","2024-11-04T16:32:35.237Z","Exploitable Format String Vulnerability in curl_mfprintf Function"
"2823554","slop","not-applicable","True","8930","[]","2024-11-06T01:50:15.925Z","Buffer overflow in strcpy"
"2829063","vuln","resolved","False","1121","['CVE-2024-11053']","2024-11-08T01:10:50.236Z","CVE-2024-11053: netrc + redirect credential leak"
"2831558","unlabelled","not-applicable","False","1289","[]","2024-11-09T23:23:14.491Z","netrc crlf injection"
"2841436","unlabelled","not-applicable","False","938","[]","2024-11-14T04:36:39.340Z","information disclosure "
"2853023","unlabelled","not-applicable","False","1033","[]","2024-11-20T05:07:36.245Z","Information Disclosure at : https://curl.se/.mailmap"
"2859735","unlabelled","not-applicable","False","1090","[]","2024-11-22T03:59:48.431Z","curl --continue-at confusion"
"2861797","unlabelled","not-applicable","False","2323","['CVE-2012-0036']","2024-11-23T01:41:23.019Z","curl mishandles `%0c%0b` sequences in HTTP responses leading to CRLF confusions, Headers and Cookies Injection"
"2864414","unlabelled","not-applicable","False","2830","[]","2024-11-25T11:43:11.661Z","Arbitrary File Deletion Vulnerability in curl Source Code via os.unlink()"
"2864859","unlabelled","not-applicable","False","2210","[]","2024-11-25T19:03:06.178Z","-H with space prefix leads to previous header injection when used with --proxy"
"2871792","slop","not-applicable","True","5185","[]","2024-11-30T20:42:31.156Z","Buffer Overflow Vulnerability in strcpy() Leading to Remote Code Execution"
"2887487","slop","not-applicable","True","8515","[]","2024-12-08T07:15:38.929Z","Buffer Overflow Risk in Curl_inet_ntop and inet_ntop4"
"2904921","unlabelled","not-applicable","False","2988","[]","2024-12-17T19:54:33.967Z","OS Command Injection  (subprocess Module Usage)"
"2905552","slop","not-applicable","True","2485","[]","2024-12-18T04:33:49.429Z","bypass of this Fixed #2437131 [ Inadequate Protocol Restriction Enforcement in curl ]"
"2912277","slop","not-applicable","True","843","[]","2024-12-23T06:24:30.519Z","Hackers Attack Curl Vulnerability Accessing Sensitive Information"
"2915426","unlabelled","not-applicable","False","528","[]","2024-12-27T15:10:29.808Z","Git repository found"
"2917232","vuln","resolved","False","643","['CVE-2025-0167', 'CVE-2024-11053']","2024-12-30T16:02:18.567Z","CVE-2025-0167: netrc and default credential leak"
"2941920","unlabelled","informative","False","5110","[]","2025-01-16T12:00:21.191Z","Elevation of Privileges (EoP) vulnerabilities related to the some easy_options on Windows"
"2946924","unlabelled","not-applicable","False","4195","[]","2025-01-18T04:07:30.291Z","Authorization Header Leak via --location-trusted in Curl"
"2954286","vuln","resolved","False","1736","['CVE-2025-0665']","2025-01-22T19:38:46.786Z","CVE-2025-0665: eventfd double close"
"2956023","vuln","resolved","False","3838","['CVE-2025-0725']","2025-01-23T23:37:03.914Z","CVE-2025-0725: gzip integer overflow"
"2961050","unlabelled","not-applicable","False","5314","[]","2025-01-27T17:30:02.270Z","curl allows SSH connection even if host is not in known_hosts"
"2981245","slop","not-applicable","True","2814","[]","2025-02-07T20:54:16.947Z","('possible') UAF"
"2981303","unlabelled","not-applicable","False","3387","[]","2025-02-07T22:09:34.861Z","TLS Cipher Misconfiguration in HTTP/3/QUIC Support"
"2990139","unlabelled","not-applicable","False","5913","[]","2025-02-12T12:30:43.337Z","Format string vulnerability, curl_msnprintf() function "
"3000639","unlabelled","informative","False","2158","[]","2025-02-19T13:41:48.452Z","curl doesn't hide credentials in /proc/XXX/cmdline provided via CLI arguments"
"3022041","unlabelled","informative","False","4626","[]","2025-03-04T06:24:57.323Z","Use after free (read) in curl_multi_perform with DoH and Proxy options, and resolve timeouts"
"3023139","unlabelled","informative","False","5948","[]","2025-03-05T10:53:46.531Z","Memory leak of ftp (with proxy reuse)"
"3030158","unlabelled","not-applicable","False","1784","[]","2025-03-10T21:00:59.586Z","Improper Restriction of Authentication Attempts in cURL"
"3037326","unlabelled","informative","False","2109","[]","2025-03-13T21:59:27.670Z","Free of uninitialized pointer in doh_decode_rdata_name()"
"3037583","unlabelled","informative","False","4239","[]","2025-03-14T06:42:17.586Z","Buffer Overflow in curl's Rustls Backend"
"3045390","unlabelled","informative","False","3393","[]","2025-03-18T23:38:25.449Z","Double free caused by mqtt_doing()"
"3089595","unlabelled","informative","False","2828","[]","2025-04-11T20:06:52.907Z","Memory leak from doh_write_cb"
"3094406","unlabelled","informative","False","14828","[]","2025-04-15T14:39:02.814Z","Heap‑based buffer overflow in curl -K <config_file> allows arbitrary write ."
"3100073","slop","not-applicable","True","4076","[]","2025-04-18T17:41:17.969Z","Path Traversal Vulnerability in curl via Unsanitized IPFS_PATH Environment Variable"
"3101127","slop","not-applicable","True","6118","[]","2025-04-19T20:20:05.462Z","Buffer Overflow in curl MQTT Test Server (tests/server/mqttd.c) via Malicious CONNECT Packet"
"3116935","slop","not-applicable","True","1997","[]","2025-04-29T07:42:35.530Z","Use of a Broken or Risky Cryptographic Algorithm (CWE-327) in libcurl"
"3117697","slop","not-applicable","True","2453","[]","2025-04-29T10:50:02.405Z","Double Free Vulnerability in `libcurl` Cookie Management (`cookie.c`)"
"3118915","unlabelled","not-applicable","False","1581","[]","2025-04-30T01:08:41.940Z","Potential XSS vector in curl via unsanitized URL parameter handling"
"3120969","unlabelled","not-applicable","False","2219","['CVE-2022-32221']","2025-05-01T05:57:31.566Z","[High] MITM via Insecure CA Path Handling in cURL (--capath, CURLOPT_CAPATH) (CWE-494: Download of Code Without Integrity Check)"
"3120987","unlabelled","not-applicable","False","3034","['CVE-2020-8284']","2025-05-01T06:30:43.163Z","[High] Arbitrary File Write via Path Traversal in cURL CLI (`-o`, `--output`) (CWE-22: Improper Limitation of a Pathname to a Restricted Directory)"
"3124490","unlabelled","not-applicable","False","6100","[]","2025-05-03T05:56:15.693Z","Speculative Execution Side-Channel in `curl` "
"3125820","slop","not-applicable","True","4895","['CVE-2023-44487']","2025-05-04T04:10:47.115Z","HTTP/2 CONTINUATION Flood Vulnerability"
"3125832","slop","not-applicable","True","4894","[]","2025-05-04T04:56:30.714Z","HTTP/3 Stream Dependency Cycle Exploit"
"3133253","unlabelled","informative","False","5894","[]","2025-05-07T19:25:48.502Z","curl_easy_header runs at O(N) or worse and can be abused to use minute(s) of CPU time"
"3133379","unlabelled","not-applicable","False","3114","[]","2025-05-07T22:24:21.872Z","CRLF Injection in `--proxy-header` allows extra HTTP headers (CWE-93)"
"3135673","unlabelled","not-applicable","False","3307","[]","2025-05-08T15:53:37.376Z","curl -OJ allows creating custom .curlrc file which allows exfiltrating private data, among other things"
"3137657","slop","informative","True","4387","[]","2025-05-09T20:18:25.908Z","Memory Leak"
"3148937","unlabelled","informative","False","7149","['CVE-2024-3219']","2025-05-15T16:27:25.495Z","`Curl_socketpair()` fallback vulnerable to man-in-the-middle attack"
"3150884","vuln","resolved","False","1821","['CVE-2025-4947']","2025-05-17T06:01:26.574Z","CVE-2025-4947: QUIC certificate check skip with wolfSSL"
"3153497","vuln","resolved","False","1162","['CVE-2025-5025']","2025-05-19T16:01:54.031Z","CVE-2025-5025: No QUIC certificate pinning with wolfSSL"
"3153971","unlabelled","not-applicable","False","4208","[]","2025-05-20T00:07:25.715Z","Stack Buffer Overflow in curl's OpenSSL Provider Handling"
"3156384","unlabelled","not-applicable","False","1246","[]","2025-05-21T03:55:12.753Z","Heap buffer overflow vulnerability in conncache.c: incorrect use of pointer arrays resulting in out-of-bounds memory writes."
"3158093","slop","spam","True","7954","[]","2025-05-22T01:15:43.536Z","Memory Leak in libcurl via Location Header Handling (CWE-770)"
"3168039","vuln","resolved","False","5239","['CVE-2025-5399']","2025-05-30T03:38:19.322Z","CVE-2025-5399: WebSocket endless loop"
"3180396","unlabelled","not-applicable","False","836","[]","2025-06-06T01:26:57.259Z","Failure to strip Proxy-Authorization header on change in origin"
"3183957","unlabelled","not-applicable","False","2071","[]","2025-06-09T12:16:05.954Z","Arbitrary File Read via Unsanitized curl Usage Results in Sensitive File Exposure"
"3211126","unlabelled","informative","False","4696","[]","2025-06-19T18:54:26.213Z","Sensitive information disclosure with malicious netrc file"
"3211973","unlabelled","informative","False","2034","['CVE-2024-11053']","2025-06-20T10:32:02.863Z","Credential leak on redirect due to improper state clearing when parsing macdef in netrc.c"
"3225565","unlabelled","informative","False","2502","[]","2025-06-26T21:10:59.285Z"," OS Command Injection in scripts/firefox-db2pem.sh via untrusted certificate nicknames"
"3226502","unlabelled","not-applicable","False","941","[]","2025-06-27T09:42:53.234Z","arbitrary file read via `file://` path traversal with `--path-as-is`"
"3229490","unlabelled","not-applicable","False","1800","[]","2025-06-29T17:33:41.507Z","Heap Buffer Overflow in libcurl curl_slist_append via Unterminated String"
"3230082","slop","spam","True","14474","[]","2025-06-30T12:10:49.256Z","Stack-based Buffer Overflow in TELNET NEW_ENV Option Handling"
"3231321","slop","not-applicable","True","8063","[]","2025-07-01T12:47:43.690Z","HTTP Proxy Bypass via `CURLOPT_CUSTOMREQUEST` Verb Tunneling"
"3235428","unlabelled","not-applicable","False","9346","[]","2025-07-03T05:49:06.263Z","CRLF injection in libcurl's SMTP client via --mail-from and --mail-rcpt allows SMTP command smuggling"
"3238249","unlabelled","not-applicable","False","2499","['CVE-2019-9511', 'CVE-2019-9513']","2025-07-06T00:45:57.502Z","Integer Overflow Risk in HTTP/2 Proxy Window Size Calculations"
"3241304","unlabelled","not-applicable","False","114","[]","2025-07-08T18:36:42.063Z","access notes without permission"
"3241308","unlabelled","not-applicable","False","103","[]","2025-07-08T18:46:32.048Z","Disclosure of email addresses"
"3242005","slop","not-applicable","True","2582","[]","2025-07-09T03:04:29.345Z","Use-After-Free in OpenSSL Keylog Callback via SSL_get_ex_data() in libcurl"
"3242087","unlabelled","not-applicable","False","1366","[]","2025-07-09T05:36:47.370Z","Arbitrary File Read via file:// Protocol in cURL"
"3246519","unlabelled","not-applicable","False","2405","[]","2025-07-10T18:24:58.166Z","Default Minimum TLS Version Set to TLS v1.0 (Cryptographic Weakness)"
"3249936","slop","not-applicable","True","6626","['CVE-2019-16276', 'CVE-2020-11946']","2025-07-13T13:42:11.154Z","HTTP Request Smuggling Vulnerability Analysis - cURL Security Report"
"3250117","unlabelled","not-applicable","False","2861","[]","2025-07-13T16:50:47.385Z","Uncontrolled File Write/Arbitrary File Creation "
"3250490","slop","spam","True","13628","[]","2025-07-14T02:20:06.105Z","Disk Space Exhaustion leading to a Denial of Service (DoS)"
"3258022","unlabelled","informative","False","3194","[]","2025-07-17T18:40:42.020Z","curl ASSERTs when accessing an LDAP URL"
"3261248","unlabelled","not-applicable","False","2162","[]","2025-07-20T02:51:40.119Z","GnuTLS CURLINFO_TLS_SESSION / CURLINFO_TLS_SSL_PTR type confusion"
"3261310","unlabelled","informative","False","7690","[]","2025-07-20T05:10:29.785Z","OpenSSL HTTP/3 bogus CURLINFO_TLS_SSL_PTR"
"3262848","unlabelled","not-applicable","False","5770","[]","2025-07-21T15:17:11.290Z","on the implications of permitting procedural culling"
"3264469","unlabelled","informative","False","26995","[]","2025-07-22T12:42:30.549Z","Use after free (or assert triggered) with failed allocations in openssl"
"3268294","unlabelled","not-applicable","False","1868","[]","2025-07-23T20:03:15.236Z","Exposure of Private RSA Private Key in curl GitHub Repository"
"3269761","unlabelled","not-applicable","False","549","[]","2025-07-24T10:22:21.416Z","Security check up"
"3272982","slop","not-applicable","True","2415","[]","2025-07-26T21:18:06.517Z","Vulnerability Report: Public Exposure of Security Audit File"
"3279804","unlabelled","not-applicable","False","4160","[]","2025-07-31T14:56:23.776Z","Stack use-after-scope in HTTP/3 POST request processing via CURLOPT_POSTFIELDS"
"3282709","unlabelled","not-applicable","False","10093","[]","2025-08-02T04:22:05.643Z","Integer Overflow in schannel.c TLS Data Transmission"
"3283232","unlabelled","informative","False","10963","[]","2025-08-02T16:30:30.343Z","Use After Free (that leads to arbitrary Write for some versions) "
"3292590","unlabelled","not-applicable","False","7720","[]","2025-08-09T02:32:38.704Z","Heap Buffer Overflow in Curl_memdup0() via CURLOPT_COPYPOSTFIELDS/CURLOPT_POSTFIELDSIZE Mismatch"
"3293177","unlabelled","not-applicable","False","5873","[]","2025-08-09T20:00:01.567Z","Path Traversal in SFTP QUOTE command leads to Arbitrary File Write and potential RCE"
"3293801","unlabelled","not-applicable","False","4983","[]","2025-08-10T18:26:22.768Z","Title: Remote Code Execution (RCE) via Arbitrary Library Loading in `--engine` option"
"3293884","slop","not-applicable","True","1762","[]","2025-08-10T20:24:50.847Z","Vulnerability Report: Local File Disclosure via file:// Protocol in cURL"
"3294999","vuln","resolved","False","14509","['CVE-2025-9086']","2025-08-11T16:28:29.715Z","CVE-2025-9086: Out of bounds read for cookie path"
"3295650","slop","not-applicable","True","3512","[]","2025-08-12T08:28:19.519Z","Exposure of Hard-coded Private Keys and Credentials in curl Source Repository (CWE-321)"
"3295652","unlabelled","not-applicable","False","2570","[]","2025-08-12T08:31:46.469Z","Insecure WebSocket Usage in curl Documentation and Examples (CWE-319: Cleartext Transmission of Sensitive Information)"
"3295656","unlabelled","not-applicable","False","4229","[]","2025-08-12T08:35:51.754Z","Unsafe Global IFS Modification in OS400 Shell Script Enables Command Injection and Parsing Flaws (CWE-78/CWE-20)"
"3295738","unlabelled","not-applicable","False","3975","[]","2025-08-12T10:36:05.971Z","Account/Repository Takeover via Abandoned GitHub Username in curl's href_extractor.c"
"3302518","unlabelled","not-applicable","False","2614","[]","2025-08-17T12:55:49.079Z","## Title  Heap Use-After-Free Vulnerability in `curl` Leading to Potential Code Execution"
"3303765","unlabelled","not-applicable","False","3695","[]","2025-08-18T16:07:40.886Z","WebSocket Fragmentation DoS on Curl Client"
"3306456","unlabelled","not-applicable","False","1460","[]","2025-08-20T07:46:39.442Z","Curl parse_connect_to_string Heap-Overread Leading to Denial of Service via CURLOPT_CONNECT_TO"
"3306475","unlabelled","not-applicable","False","1459","[]","2025-08-20T08:18:43.775Z","curl leaks destination IP via glibc getaddrinfo() UDP connect, bypassing SOCKS5/Tor"
"3310318","unlabelled","not-applicable","False","1076","[]","2025-08-22T16:18:55.612Z","Missing Security Headers"
"3319767","unlabelled","not-applicable","False","8791","[]","2025-08-29T09:52:14.847Z","Incorrect Parsing of IPv6 Zone ID in curl"
"3324190","unlabelled","informative","False","1421","[]","2025-09-02T19:07:29.484Z","Heap-buffer-overflow (Out-of-Bounds Read) in DoH hostname encoding"
"3324901","unlabelled","not-applicable","False","10431","[]","2025-09-03T13:05:13.589Z","libcurl: Host-Only Cookies Leak to Alternate IPv4 Forms"
"3330839","vuln","resolved","False","2887","['CVE-2025-10148']","2025-09-08T09:52:13.904Z","CVE-2025-10148: predictable WebSocket mask"
"3331764","unlabelled","not-applicable","False","2069","['CVE-2003-1418']","2025-09-09T00:46:52.151Z","Confirmed Security Misconfigurations on curl.se (BREACH, Missing Security Headers, ETag Info Disclosure)"
"3335085","slop","not-applicable","True","9197","[]","2025-09-11T15:02:42.727Z","TOCTOU Race Condition in HTTP/2 Connection Reuse Leads to Certificate Validation Bypass"
"3337561","unlabelled","not-applicable","False","10175","[]","2025-09-13T18:31:46.352Z","Multiple Unsafe strcpy() Function Calls Leading to Potential Buffer Overflow Vulnerabilities in cURL 8.16.1-DEV"
"3340109","slop","not-applicable","True","11630","[]","2025-09-16T07:59:31.123Z","Stack Buffer Overflow in cURL Cookie Parsing Leads to RCE"
"3341476","unlabelled","informative","False","14519","[]","2025-09-16T19:30:03.204Z","int overflow in krb5_read_data() leads to (possible) massive `recv()` write"
"3344663","unlabelled","not-applicable","False","3662","[]","2025-09-17T19:53:15.610Z","Security Analysis Report: CURL Integer Overflow Vulnerability"
"3346118","slop","not-applicable","True","2571","[]","2025-09-18T16:11:20.710Z","Timing Attack Vulnerability in curl Digest Authentication via Non-Constant-Time String Comparison"
"3355213","unlabelled","informative","False","7660","[]","2025-09-23T15:08:15.926Z","Use-after-free when POST body buffer is freed before transfer"
"3355218","vuln","resolved","False","8114","['CVE-2025-10966']","2025-09-23T15:14:16.228Z","CVE-2025-10966: missing SFTP host verification with wolfSSH"
"3356088","unlabelled","informative","False","8022","[]","2025-09-24T03:36:19.089Z","Race condition on global `gss_context` during SOCKS5 GSS-API negotiation in libcurl"
"3357960","unlabelled","not-applicable","False","3347","[]","2025-09-25T15:29:08.233Z","SMTP Command Injection Vulnerabilities in curl"
"3361913","unlabelled","not-applicable","False","2426","[]","2025-09-29T16:45:59.419Z","AWS SigV4 Signature Disclosure via Verbose Logging in libcurl"
"3366484","unlabelled","not-applicable","False","7183","[]","2025-10-01T19:13:21.765Z","Unsanitized IPFS CID Allows SSRF Against Configured Gateway"
"3373640","unlabelled","informative","False","3277","[]","2025-10-06T21:39:13.962Z","OpenSSL backend: X509 peer certificate not freed in ossl_get_channel_binding causes per-request memory leak (DoS risk for long-lived clients)"
"3374554","unlabelled","informative","False","4455","[]","2025-10-07T15:37:18.589Z","Apple SecTrust legacy path accepts untrusted certificates on pre-10.14 macOS/iOS when built with USE_APPLE_SECTRUST"
"3379102","unlabelled","not-applicable","False","2331","[]","2025-10-10T17:40:45.866Z","Missing enforcement of SFTP quote syntax can lead to operation on wrong object"
"3387499","unlabelled","not-applicable","False","9959","[]","2025-10-16T19:34:04.508Z","SMTP Command Injection Vulnerability in libcurl 8.16.0 via RFC 3461 Suffix"
"3392174","slop","not-applicable","True","5603","[]","2025-10-21T07:39:27.203Z","Buffer Overflow in WebSocket Handshake (lib/ws.c:1287)"
"3393539","unlabelled","informative","False","4142","[]","2025-10-21T23:41:52.030Z","Memory leak in Curl_auth_create_ntlm_type3_message"
"3395218","slop","not-applicable","True","5693","[]","2025-10-22T21:13:31.196Z","Use of Deprecated strcpy() with Fixed-Size Buffers in Progress Time Formatting"
"3395227","slop","not-applicable","True","8671","[]","2025-10-22T21:30:38.225Z","Use of Deprecated strcpy() with User-Controlled Environment Variable in Memory Debug Initialization"
"3395666","unlabelled","not-applicable","False","5540","[]","2025-10-23T10:28:32.403Z","libcurl MQTT PUBLISH length overflow (heap overflow)"
"3399774","slop","not-applicable","True","4845","[]","2025-10-25T20:12:34.215Z","Integer Overflow to Heap Overflow in DoH Response Handling"
"3400761","unlabelled","not-applicable","False","2656","[]","2025-10-27T04:09:34.177Z","curl’s persistence files inherit world-readable/writable perms from umask, leaking and tampering with cookies/HSTS/Alt-Svc caches"
"3400831","slop","not-applicable","True","3226","[]","2025-10-27T06:55:04.051Z","CURLX_SET_BINMODE(NULL) can call fileno(NULL) and cause undefined behavior / crash"
"3403880","slop","not-applicable","True","9979","[]","2025-10-29T10:51:20.103Z","Logical Flaw in curl_url_set Leads to Inconsistent Query Parameter Encoding"
"3404025","unlabelled","not-applicable","False","6584","[]","2025-10-29T13:33:31.522Z","SOCKS5 Heap Buffer Overflow via Malicious HTTP Redirect with Oversized Hostname"
"3406123","unlabelled","not-applicable","False","1799","[]","2025-10-30T16:55:52.539Z","Buffer over-read,, Missing NUL termination in addvariable() causes undefined behavior"
"3407352","unlabelled","informative","False","2706","[]","2025-10-31T21:48:51.835Z","curl built with GnuTLS backend defaults to weak crypto parameters"
"3408126","unlabelled","not-applicable","False","2692","[]","2025-11-01T20:40:52.413Z","Directory Traversal Vulnerability in cURL via Content-Disposition Header Processing"
"3409186","unlabelled","not-applicable","False","33","[]","2025-11-03T05:38:40.038Z","Hi Hacker"
"3409193","unlabelled","not-applicable","False","31","[]","2025-11-03T05:46:33.581Z","HackerOne"
"3414088","unlabelled","duplicate","False","5793","[]","2025-11-06T12:07:43.950Z","SMTP CRLF Command Injection in CURLOPT_MAIL_FROM and CURLOPT_MAIL_RCPT"
"3417428","unlabelled","informative","False","7522","[]","2025-11-09T05:51:21.153Z","libcurl MQTT `CURLOPT_POSTFIELDSIZE_LARGE` overflow leads to immediate DoS"
"3418528","slop","spam","True","6671","[]","2025-11-10T13:36:42.725Z","Unsafe use of strcpy in Curl_ldap_err2string (packages/OS400/os400sys.c) — stack-buffer-overflow (PoC + ASan)"
"3418616","unlabelled","not-applicable","False","2024","[]","2025-11-10T15:11:31.820Z","SMTP CRLF Injection in curl/libcurl via MAIL FROM/RCPT TO parameters"
"3418646","slop","not-applicable","True","4964","[]","2025-11-10T15:55:21.053Z","Arbitrary Configuration File Inclusion: via External Control of File Name or Path"
"3418760","unlabelled","not-applicable","False","581","[]","2025-11-10T17:36:37.008Z","Command Injection - CRITICISM"
"3418776","unlabelled","not-applicable","False","3938","[]","2025-11-10T18:04:42.125Z","Silent TLS Trust Model Hijacking via `CURL_CA_BUNDLE` Environment Variable Leads to MITM"
"3418861","unlabelled","not-applicable","False","6403","[]","2025-11-10T19:43:51.819Z","libcurl FTP path normalization flaw allows decoded %2e%2e → CWD .. and directory escape (Path Traversal, CWE-22)"
"3419617","unlabelled","not-applicable","False","500","[]","2025-11-11T15:55:41.379Z","Hash exposed in public repository"
"3427194","unlabelled","not-applicable","False","1876","[]","2025-11-15T15:47:01.004Z","Malicious server forces .curlrc creation via curl -OJ leading to local file exfiltration"
"3427343","unlabelled","not-applicable","False","2101","[]","2025-11-15T19:12:02.795Z","Off-by-One Buffer Overflow in SMB Path Handler"
"3427460","unlabelled","not-applicable","False","1922","[]","2025-11-15T22:45:37.410Z","Incorrect sizeof() in Rustls Backend Memory Allocation"
"3427670","unlabelled","informative","False","2911","[]","2025-11-16T07:32:52.000Z","Double-free vulnerability in libcurl with rustls via NoServerCertVerifier condition leads to application crash"
"3431180","unlabelled","informative","False","2425","[]","2025-11-18T11:19:36.373Z","Double free in tool_ssls_load()"
"3432833","unlabelled","informative","False","5362","[]","2025-11-19T08:12:45.346Z","[SFTP] TOCTOU Race Condition in Upload Resume Logic Leads to Arbitrary File Append"
"3434510","unlabelled","not-applicable","False","2584","[]","2025-11-20T03:47:40.650Z","Out-of-bounds read in HTTP method handling causes undefined behavior and potential crash This is sharp, Gaurav. We’ve got a real memory-safety bug ins"
"3434543","unlabelled","informative","False","20755","[]","2025-11-20T04:39:55.206Z","Arbitrary free in curl's config file parsing."
"3442024","unlabelled","not-applicable","False","1158","[]","2025-11-26T07:35:44.975Z","runs javascript on powershell when it shouldnt"
"3442060","unlabelled","not-applicable","False","9633","[]","2025-11-26T08:34:03.763Z","Infinite loop issue in the state machine of the curl project"
"3444904","unlabelled","not-applicable","False","2737","[]","2025-11-29T17:06:00.738Z","Heap Buffer Overflow in TFTP"
"3445174","unlabelled","not-applicable","False","2622","[]","2025-11-30T00:07:49.564Z","Path Traversal in file:// protocol allows Arbitrary File Read"
"3451305","unlabelled","not-applicable","False","11973","[]","2025-12-04T09:55:42.882Z","SMTP Protocol Injection via CRLF in CURLOPT_MAIL_FROM leading to Email Spoofing"
"3452725","slop","not-applicable","True","17499","[]","2025-12-05T08:09:14.389Z","Title: Use-After-Free in cURL Test Suite via Improper Cleanup of Global Handle"
"3455037","unlabelled","informative","False","2428","[]","2025-12-06T21:17:12.676Z","Certificate Hostname Validation Bypass via Leading Dot in Hostname"
"3459417","vuln","resolved","False","10074","['CVE-2025-14524']","2025-12-09T18:01:03.640Z","CVE-2025-14524: bearer token leak on cross-protocol redirect"
"3459636","slop","not-applicable","True","2376","[]","2025-12-09T18:59:59.101Z","Stack Buffer Overflow in cURL wolfSSL Backend (lib/vtls/wolfssl.c)"
"3460184","unlabelled","not-applicable","False","1544","[]","2025-12-10T02:16:40.918Z","Terminal Output Not Great"
"3462525","slop","not-applicable","True","3213","[]","2025-12-12T04:24:35.869Z","Buffer Overflow in cURL Internal printf Function"
"3463608","unlabelled","not-applicable","False","7473","[]","2025-12-13T07:58:59.061Z","Denial of Service (DoS) vulnerability in dedotdotify() URL path normalization"
"3463619","unlabelled","spam","False","171","[]","2025-12-13T08:12:16.670Z","testing hackerone functions"
"3465094","slop","not-applicable","True","9309","[]","2025-12-15T07:45:05.932Z","Path Traversal Bypass in file:// URLs Due to Incomplete URL-Encoded Path Normalization"
"3466883","slop","spam","True","12446","[]","2025-12-16T04:46:33.492Z","Curl Alt-Svc Parser Stack Buffer Overflow"
"3466896","slop","spam","True","21968","[]","2025-12-16T05:15:25.354Z","Heap Overflow in cURL AmigaOS Socket Implementation"
"3468098","unlabelled","not-applicable","False","6384","[]","2025-12-16T20:31:04.172Z","Certificate Pinning Bypass with wolfSSL backend over HTTP/3"
"3468410","slop","not-applicable","True","945","[]","2025-12-17T05:44:02.316Z","Heap buffer overflow in Curl_ipv4_resolve_r due to incorrect buffer alignment and size calculation on AmigaOS"
"3470073","unlabelled","duplicate","False","6432","[]","2025-12-18T11:13:30.551Z","Heap Buffer Over-Read via Malicious SMB Server READ_ANDX Response"
"3470095","slop","not-applicable","True","6432","[]","2025-12-18T11:38:42.997Z","Heap Buffer Over-Read via Malicious SMB Server READ_ANDX Response"
"3470649","unlabelled","not-applicable","False","13323","[]","2025-12-18T17:23:11.030Z","File URL UNC Path Access (Windows SSRF)"
"3471553","unlabelled","informative","False","1853","[]","2025-12-19T07:22:06.123Z","Unbounded memory consumption via compressed HTTP responses (gzip/brotli/zstd)"
"3473182","slop","not-applicable","True","1977","[]","2025-12-20T06:19:17.734Z","A logic error in detect_proxy caused truncation of environment variable names for long protocol schemes."
"3473384","unlabelled","informative","False","3745","[]","2025-12-20T11:55:01.671Z","Functional Regression in Digest Authentication: Failure to handle optional spaces and escaped quotes"
"3474865","unlabelled","not-applicable","False","1430","[]","2025-12-22T05:49:08.289Z","libcurl WebSocket handshake accepts any Sec-WebSocket-Accept"
"3475472","unlabelled","not-applicable","False","1346","[]","2025-12-22T16:34:29.309Z","Public-suffix cookie injection when libpsl is disabled"
"3475613","unlabelled","not-applicable","False","8624","[]","2025-12-22T19:14:51.022Z","HAProxy Connection Reuse leads to IP Spoofing and mTLS Context Smuggling"
"3476928","unlabelled","not-applicable","False","25991","[]","2025-12-23T21:48:58.193Z","Integer Overflow in `curl_easy_escape()` may lead to heap buffer overflow and stack memory disclosure on 32-bit platforms"
"3477023","unlabelled","not-applicable","False","1716","[]","2025-12-24T00:25:05.770Z","Protocol Smuggling / CRLF Injection via Gopher Protocol allows Arbitrary Command Injection"
"3477116","vuln","resolved","False","1629","['CVE-2025-15079']","2025-12-24T04:45:21.545Z","CVE-2025-15079: libssh global knownhost override "
"3479019","unlabelled","not-applicable","False","4608","[]","2025-12-26T13:31:26.627Z","Security hardening: missing integer overflow check in curl_load_library()"
"3479203","unlabelled","informative","False","7705","[]","2025-12-26T17:04:41.707Z","HTTP/3 Protocol Smuggling and Header Injection via CRLF in QPACK value conversion"
"3479984","unlabelled","not-applicable","False","3366","[]","2025-12-27T16:35:37.584Z","CRLF Injection / Protocol Smuggling in libcurl via CURLOPT_USERNAME (IMAP)"
"3480039","unlabelled","informative","False","5512","[]","2025-12-27T18:12:44.720Z","WebSocket Logic Error: Control Frame (PING/PONG) Starvation causes Connection Drop (DoS) during large transfers"
"3480078","unlabelled","not-applicable","False","5102","[]","2025-12-27T19:17:59.061Z","Heap Buffer Over-read in lib/http2.c (on_header) handling PUSH_PROMISE frames"
"3480641","unlabelled","not-applicable","False","7193","[]","2025-12-28T14:45:51.070Z","Cross‑Layer State Confusion in libcurl: Credential & Key‑Material Persistence Across Redirect / Connection Reuse Boundaries"
"3480712","unlabelled","informative","False","4654","[]","2025-12-28T16:15:31.727Z","Telnet Suboption Buffer Pointer Underflow in lib/telnet.c leads to Out-of-Bounds Read"
"3480713","unlabelled","not-applicable","False","2339","[]","2025-12-28T16:18:09.351Z","Proxy-Authorization header is leaked to origin server after redirect from proxied to direct connection"
"3480925","vuln","resolved","False","1893","['CVE-2025-15224']","2025-12-28T21:22:56.665Z","CVE-2025-15224: libssh key passphrase bypass without agent set"
"3481595","unlabelled","not-applicable","False","4830","[]","2025-12-29T17:23:17.377Z","SMTP CRLF Injection & Protocol Desynchronization in libcurl"
"3481849","unlabelled","not-applicable","False","7106","[]","2025-12-29T23:21:14.760Z","HTTP/2 and HTTP/3 Header Injection in curl"
"3483225","unlabelled","spam","False","1304","[]","2025-12-31T14:45:45.551Z","A quiet New Year wish for security researchers"
"3483902","unlabelled","informative","False","2353","[]","2026-01-01T11:56:24.128Z","PROTOCOL-LEVEL: Persistent UDP Amplification and Cache Poisoning via Alt-Svc Logic Flaw"
"3484319","unlabelled","informative","False","4601","[]","2026-01-01T21:51:13.454Z","MQTT Protocol Violation & Integer Overflow in libcurl"
"3484431","unlabelled","not-applicable","False","1978","[]","2026-01-02T01:51:16.457Z","HTTP Request Smuggling and SSRF via CRLF Injection in Curl_add_custom_headers"
"3484506","unlabelled","not-applicable","False","2772","[]","2026-01-02T05:54:08.371Z","CRLF Injection in Gopher Protocol (`lib/gopher.c`)"
"3485826","unlabelled","not-applicable","False","2599","['CVE-2018-1000007']","2026-01-03T16:30:59.830Z","Alt-Svc bypasses credential leak protection (CVE-2018-1000007)"
"3485930","unlabelled","not-applicable","False","4358","['CVE-2021-22901']","2026-01-03T18:59:39.944Z","Path Traversal in curl file:// Protocol Handler Allows Unauthorized File Access"
"3487952","unlabelled","not-applicable","False","4279","[]","2026-01-05T22:13:57.502Z","State Isolation Failure in Multiplexed Connections (Shared Auth Context)"
"3488278","unlabelled","not-applicable","False","2096","[]","2026-01-06T08:51:15.638Z","MQTT: Missing upper bound on incoming Remaining Length allows server-controlled long wait"
"3493602","unlabelled","informative","False","3937","[]","2026-01-07T22:12:52.272Z","Stack Buffer Overflow in mprintf.c formatting function (fallback path)"
"3494098","unlabelled","not-applicable","False","1215","[]","2026-01-08T08:38:03.229Z","inconsistently Rejection Logic in file:// URLs with Authority"
"3505557","unlabelled","not-applicable","False","2192","[]","2026-01-10T06:58:28.432Z","CRLF Injection in HTTP header values allows arbitrary header injection"
"3506159","slop","not-applicable","True","4740","[]","2026-01-10T19:22:25.801Z","Heap Out-of-Bounds Read in lib/http2.c via Malformed PUSH_PROMISE Headers"
"3508321","unlabelled","informative","False","1675","[]","2026-01-13T00:50:23.350Z","Integer-underflow leads to heap over-read in TFTP implementation"
"3508500","unlabelled","informative","False","8325","[]","2026-01-13T07:12:56.742Z","integer Overflow in MQTT Protocol Handling Allows Bypassing Message Size Limit"
"3508701","unlabelled","informative","False","3911","[]","2026-01-13T11:39:25.370Z","Use-After-Free in curl_easy_nextheader when reusing header handle across requests"
"3508785","unlabelled","not-applicable","False","4758","[]","2026-01-13T13:16:23.566Z","Gopher Protocol Command Injection (SSRF Smuggling)"
"3508799","unlabelled","informative","False","9406","[]","2026-01-13T13:30:36.863Z","Digest Authentication Header Injection"
"3508854","unlabelled","not-applicable","False","1232","[]","2026-01-13T14:31:26.214Z","MQTT: unsigned integer underflow bypasses MAX_MQTT_MESSAGE_SIZE check"
"3509396","unlabelled","informative","False","5538","[]","2026-01-13T20:07:51.458Z","IMAP Protocol Desynchronization and Response Smuggling via Naive Literal Parsing"
"3509437","unlabelled","not-applicable","False","1329","[]","2026-01-13T21:02:35.059Z","Directory listing vulnerability is disclosing names and emails, widespread (thousands of records, publicly accessible without auth)"
"3514263","slop","not-applicable","True","6340","['CVE-2025-14524', 'CVE-2022-27774']","2026-01-17T07:52:01.656Z","libcurl: Improper Authentication State Management on Cross-Protocol Redirects"
"3516186","slop","not-applicable","True","5337","[]","2026-01-19T10:12:12.195Z","Cookie Max-Age Integer Overflow Vulnerability"
"3516202","slop","not-applicable","True","5172","[]","2026-01-19T10:27:16.208Z","Cookie Replacement Use-After-Free Vulnerability"
"3516878","unlabelled","not-applicable","False","4693","[]","2026-01-19T18:46:21.095Z","Cross‑origin cookies leak and injection risk when using a custom Host header"
"3516974","unlabelled","not-applicable","False","6539","[]","2026-01-19T20:10:18.863Z","SSL options ISSUERCERT, EC_CURVES and CRLFILE silently ignored by non-OpenSSL backends"
"3523349","unlabelled","not-applicable","False","1389","[]","2026-01-25T00:02:17.122Z","Integer Underflow in src/var.c"
"3523953","unlabelled","not-applicable","False","655","[]","2026-01-25T16:20:00.484Z","wcurl Argument Injection via Unquoted Variable"
"3531216","unlabelled","informative","False","2404","[]","2026-01-30T07:05:07.856Z","MQTT Protocol Packet Injection via Unchecked CONNACK Remaining Length"
"3574928","unlabelled","not-applicable","False","1096","[]","2026-02-26T04:11:06.553Z","Able to bypass HSTS using trailing dot"
"3575245","unlabelled","not-applicable","False","6213","[]","2026-02-26T10:52:45.582Z","Integer Overflow in curl_multi_get_handles() Leading to Heap Buffer Overflow"
"3575250","unlabelled","informative","False","6799","[]","2026-02-26T10:53:53.303Z","RTSP RTP Interleaved Parser Assertion Failure (Zero-Length RTP Payload)"
"3575475","unlabelled","not-applicable","False","1982","[]","2026-02-26T14:30:16.093Z","Curl Telnet Handler Buffer Overflow"
"3580247","unlabelled","informative","False","1779","[]","2026-03-02T00:55:33.200Z","Use after free in hyperfifo example"
"3583983","vuln","resolved","False","6528","['CVE-2026-3783', 'CVE-2025-14524', 'CVE-2025-0167', 'CVE-2024-11053']","2026-03-03T22:21:02.246Z","CVE-2026-3783: token leak with redirect and netrc"
"3584149","unlabelled","not-applicable","False","749","[]","2026-03-04T00:41:37.075Z","SSTI leads to Command injection"
"3584491","unlabelled","informative","False","5620","[]","2026-03-04T07:25:17.618Z","LM Challenge-Response Hash Always Sent in SMB Authentication"
"3584865","unlabelled","not-applicable","False","3170","[]","2026-03-04T12:47:15.658Z","In curl's SASL OAUTHBEARER authentication, including the SOH character (0x01) in the username corrupts the message structure."
"3584903","vuln","resolved","False","2927","['CVE-2026-3784']","2026-03-04T13:29:05.562Z","CVE-2026-3784: wrong proxy connection reuse with credentials"
"3591944","vuln","resolved","False","2553","['CVE-2026-3805']","2026-03-08T11:32:38.070Z","CVE-2026-3805: use after free in SMB connection reuse"
"3591956","unlabelled","duplicate","False","4417","[]","2026-03-08T11:47:19.735Z","Use-After-Free in SMB connection reuse (req->path dangling pointer after needle destruction)"
"3595753","unlabelled","not-applicable","False","2295","['CVE-2022-22576']","2026-03-10T07:43:20.919Z","Connection Reuse Ignores OAuth Bearer Token Mismatch"
"3595764","unlabelled","not-applicable","False","2257","[]","2026-03-10T07:58:24.552Z","CURLOPT_UNRESTRICTED_AUTH Dangerous Default Documentation Gap"
"3597359","unlabelled","informative","False","1273","[]","2026-03-11T00:40:55.019Z","NULL Pointer Dereference (DoS) in libcurl SFTP QUOTE command parsing due to missing return statement"
"3598358","unlabelled","informative","False","3079","[]","2026-03-11T15:02:02.489Z","urlapi: off-by-one in custom scheme validation skips last character"
"3598444","unlabelled","informative","False","4529","[]","2026-03-11T16:06:11.658Z","Curl_compareheader() fails to match multi-value HTTP headers"
"3603300","unlabelled","not-applicable","False","5629","[]","2026-03-13T16:59:26.450Z","SMB READ_ANDX DataOffset not validated"
"3608522","unlabelled","informative","False","2212","[]","2026-03-16T14:54:28.967Z","Unescaped username in SASL DIGEST-MD5 response allows injection"
"3609505","unlabelled","informative","False","1734","[]","2026-03-16T22:04:27.719Z","HSTS accepted from HTTP origin behind HTTPS proxy"
"3611825","unlabelled","not-applicable","False","927","['CVE-2026-3783']","2026-03-17T19:06:11.085Z","Bearer Token Leaked to Attacker via .netrc Despite CVE-2026-3783 Fix"
"3612891","unlabelled","not-applicable","False","1395","[]","2026-03-18T07:47:52.253Z","Exposed .git/config File Leading to Potential Sensitive Information Disclosure"
"3617719","unlabelled","not-applicable","False","1787","[]","2026-03-20T07:14:37.092Z","Function `do_pubkey()` can have out-of-bound read issue"
"3621851","vuln","resolved","False","866","['CVE-2026-4873']","2026-03-22T23:14:15.066Z","CVE-2026-4873: connection reuse ignores TLS requirement"
"3623064","unlabelled","informative","False","4117","[]","2026-03-23T14:38:13.140Z","HTTP/1.1 Response Desynchronization via conflicting CL/TE headers in Proxy CONNECT"
"3627638","unlabelled","not-applicable","False","3985","[]","2026-03-25T19:27:33.188Z","Security Vulnerability Report: Protocol Injection via Programmatic Options"
"3630310","unlabelled","informative","False","3544","[]","2026-03-26T18:56:06.510Z","HTTP/2 server push accepts a non-authoritative :scheme=https over cleartext h2c, enabling HTTPS cache-key poisoning"
"3632427","unlabelled","not-applicable","False","6393","[]","2026-03-27T18:01:09.090Z","Unbounded GZIP Decompression Leading to Event-Loop Starvation"
"3633534","unlabelled","not-applicable","False","5877","[]","2026-03-28T09:39:16.566Z","CRLF Injection in HAProxy PROXY Protocol via CURLOPT_HAPROXY_CLIENT_IP allows IP spoofing and protocol injection"
"3636044","unlabelled","informative","False","4221","[]","2026-03-29T16:37:03.824Z","HTTP/2 PUSH_PROMISE header loss on OOM bypasses scheme validation (regression of 2e8c922a89)"
"3636244","unlabelled","informative","False","4193","[]","2026-03-29T19:02:10.216Z","HackerOne Vulnerability Report: libcurl SSL/TLS Identity Leakage via Insecure Connection Reuse"
"3638715","unlabelled","not-applicable","False","3858","[]","2026-03-30T21:50:08.647Z","Use-After-Free race condition in url_move_hostname() via shared connection pool"
"3639277","unlabelled","informative","False","4574","[]","2026-03-31T07:09:06.111Z","Bypassing Strict SSH Server Verification via Connection Pool Reuse in libcurl"
"3640932","unlabelled","not-applicable","False","7744","['CVE-2022-27782', 'CVE-2023-27538']","2026-03-31T22:47:17.386Z","Missing server identity policy enforcement in SSH connection reuse allows host key verification bypass via pool poisoning"
"3641893","unlabelled","informative","False","10680","['CVE-2022-35252']","2026-04-01T08:24:43.172Z","Cookie attribute TAB injection regression in Set-Cookie parsing"
"3642555","vuln","resolved","False","20330","['CVE-2026-5545']","2026-04-01T15:36:23.858Z","CVE-2026-5545: wrong reuse of HTTP Negotiate connection"
"3645361","unlabelled","informative","False","8297","[]","2026-04-02T17:39:32.708Z","Data race in Curl_dnscache_add_negative() corrupts shared DNS cache — heap corruption and double-free when using CURLOPT_SHARE with CURL_LOCK_DATA_DNS"
"3645415","unlabelled","not-applicable","False","14205","[]","2026-04-02T18:13:23.357Z","# SCURLOPT_SSH_KNOWNHOSTS and host fingerprint pins are silently bypassed when an SSH connection is reused from the connection pool"
"3646072","unlabelled","duplicate","False","2366","['CVE-2026-1965']","2026-04-02T21:46:37.007Z","Negotiate connection reuse with wrong credentials when using CURLAUTH_ANY                                        "
"3646914","unlabelled","informative","False","5517","[]","2026-04-03T10:59:53.492Z","ignoring 'options' when doing connection reuse"
"3648199","unlabelled","not-applicable","False","2114","[]","2026-04-03T19:15:28.954Z","Internal application wrapper or script using curl"
"3650435","unlabelled","informative","False","4471","[]","2026-04-05T06:08:49.892Z","Improper enforcement of CURLOPT_SOCKS5_AUTH due to missing reuse key validation in libcurl"
"3650443","unlabelled","informative","False","2253","['CVE-2022-42916', 'CVE-2022-43551']","2026-04-05T06:16:59.523Z","no_proxy IDN mismatch: Unicode hostnames bypass proxy exclusion list"
"3650473","unlabelled","not-applicable","False","3464","['CVE-2020-8284']","2026-04-05T06:46:27.836Z","FTP entrypath accepts 0xFF (Telnet IAC) through incomplete ISCNTRL filter, sent on wire via CWD on connection reuse"
"3650689","vuln","resolved","False","6664","['CVE-2026-5773']","2026-04-05T10:42:42.384Z","CVE-2026-5773: wrong reuse of SMB connection"
"3651975","unlabelled","not-applicable","False","3117","[]","2026-04-05T20:31:45.983Z","SMTP Command Injection via CRLF in libcurl MAIL_FROM / MAIL_RCPT (lib/smtp.c)"
"3658049","unlabelled","not-applicable","False","6480","[]","2026-04-08T13:18:59.069Z","libcurl: Integer truncation in curl_easy_ssls_import() causes TLS sessions to never expire"
"3665363","unlabelled","not-applicable","False","12794","['CVE-2020-19909']","2026-04-11T03:01:04.335Z","Integer Overflow/Signedness Mismatch in Printf Precision for HTTP/2 Trailer Headers"
"3666576","unlabelled","duplicate","False","5256","[]","2026-04-11T17:52:39.766Z","Negotiate Authentication Premature on Connection Reuse"
"3669305","unlabelled","not-applicable","False","3157","[]","2026-04-13T05:18:04.693Z","Argument Injection via curl Short-Flag Grouping"
"3669637","vuln","resolved","False","3425","['CVE-2026-6253']","2026-04-13T10:02:42.759Z","CVE-2026-6253: proxy credentials leak over redirect-to proxy"
"3671818","vuln","resolved","False","2578","['CVE-2026-6276']","2026-04-14T05:45:10.893Z","CVE-2026-6276: stale custom cookie host causes cookie leak"
"3673277","unlabelled","informative","False","2775","[]","2026-04-14T17:03:18.879Z","libcurl stale CURLOPT_AUTOREFERER leaks a previous request URL to a different origin on a reused easy handle"
"3674275","unlabelled","informative","False","5513","[]","2026-04-15T06:22:35.158Z","lib/http2.c: SSL connections accept non-HTTP push schemes (incomplete fix for 2e8c922a)"
"3677759","vuln","resolved","False","3295","['CVE-2026-6429']","2026-04-16T11:28:15.733Z","CVE-2026-6429: netrc credential leak with reused proxy connection"
"3680038","unlabelled","informative","False","4396","['CVE-2022-27774']","2026-04-17T12:29:28.458Z","Digest Auth State Leak on Cross-Origin Redirect via Netrc - Username and Password Hash Sent to Wrong Host"
"3680234","unlabelled","informative","False","5339","[]","2026-04-17T14:41:38.194Z","libcurl reuses a learned RTSP Session header across different hosts on the same easy handle, enabling cross-host session leak and replay"
"3680680","unlabelled","informative","False","5734","['CVE-2022-27775']","2026-04-17T18:59:24.008Z","libcurl omits IPv6 zoneid from host identity and leaks credentials/cookies across scoped link-local realms"
"3682666","unlabelled","not-applicable","False","2572","[]","2026-04-18T23:21:44.631Z","Use-after-free in `curl_easy_ssls_export()` during callback re-entrancy"
"3684603","unlabelled","not-applicable","False","2807","[]","2026-04-20T06:36:49.403Z","Stack exhaustion in MIME multipart reading with deeply nested subparts"
"3684614","unlabelled","not-applicable","False","6111","[]","2026-04-20T06:46:01.012Z","Heap-buffer-overflow in `Curl_ssl_push_certinfo_len()` — sole bounds check is `DEBUGASSERT`"
"3694390","vuln","resolved","False","6352","['CVE-2024-8096', 'CVE-2024-0853', 'CVE-2026-7009']","2026-04-25T00:11:18.898Z","CVE-2026-7009: OCSP stapling bypass with Apple SecTrust"
"3697719","vuln","resolved","False","4107","['CVE-2026-7168']","2026-04-27T02:54:12.273Z","CVE-2026-7168: cross-proxy Digest auth state leak"
"3702718","unlabelled","informative","False","2689","[]","2026-04-29T07:44:33.808Z","MQTT state machine confusion: PINGRESP/DISCONNECT with non-zero remaining_length dispatches to stale nextstate"
"3707747","unlabelled","informative","False","3235","['CVE-2026-7168']","2026-05-01T17:32:05.998Z","libcurl 8.20.0 incomplete fix for CVE-2026-7168: changing only CURLOPT_PROXYPORT leaks stale Proxy Digest auth to a different proxy"
"3708482","unlabelled","not-applicable","False","19088","[]","2026-05-02T04:25:15.977Z","wcurl treats some URL operands after -- as curl options"
"3710209","unlabelled","not-applicable","False","803","[]","2026-05-03T06:34:14.848Z","Potential Resource Leak in tool_parsecfg.c at line 279 during fileerror"
"3712343","unlabelled","informative","False","4324","[]","2026-05-04T13:51:26.955Z","MQTT CONNACK Packet Type Bypass leads to RCE via Malicious Broker"
"3717365","unlabelled","informative","False","2832","[]","2026-05-06T19:20:25.784Z","mbedTLS private-key blob null-termination asymmetry in lib/vtls/mbedtls.c (mbed_load_privkey)"
"3717552","unlabelled","informative","False","1833","['CVE-2025-5025', 'CVE-2025-13034', 'CVE-2024-2466']","2026-05-06T21:23:18.446Z","CURLOPT_PROXY_CRLFILE / CURLOPT_PROXY_ISSUERCERT / CURLOPT_PROXY_ISSUERCERT_BLOB silently ignored on backends that don't support them"
"3718195","vuln","resolved","False","1509","['CVE-2026-8286', 'CVE-2022-27782']","2026-05-07T06:58:50.126Z","CVE-2026-8286: wrong STARTTLS connection reuse"
"3718265","unlabelled","not-applicable","False","2320","['CVE-2023-27537']","2026-05-07T07:48:24.134Z","Shared HSTS cache accessed without lock"
"3721183","vuln","resolved","False","5956","['CVE-2026-8458', 'CVE-2026-5545']","2026-05-08T15:31:07.570Z","CVE-2026-8458: wrong reuse for different services"
"3725659","unlabelled","duplicate","False","3544","[]","2026-05-10T23:09:10.152Z","Kerberos/SPNEGO Connection Reuse Vulnerability"
"3733905","vuln","resolved","False","3005","['CVE-2026-8924']","2026-05-13T21:30:47.215Z","CVE-2026-8924: trailing dot domain super cookie"
"3733910","vuln","resolved","False","16309","['CVE-2026-8932', 'CVE-2022-27782']","2026-05-13T21:34:53.862Z","CVE-2026-8932: incomplete mTLS config matching in conn reuse"
"3733934","unlabelled","informative","False","8327","['CVE-2018-16840', 'CVE-2023-27537']","2026-05-13T21:50:15.623Z","CURLOPT_HSTS_CTRL disables shared HSTS without share guard — use-after-free and double-free"
"3733946","unlabelled","informative","False","9489","['CVE-2022-27774', 'CVE-2024-11053']","2026-05-13T21:54:56.609Z","Credentials forwarded to HTTP after HTTPS→HTTP same-port redirect — url_set_data_creds uses scheme-blind comparator"
"3733984","unlabelled","informative","False","5158","['CVE-2022-30115']","2026-05-13T22:12:17.058Z","HSTS multi-trailing-dot bypass-ish: possible incomplete fix for CVE-2022-30115"
"3734020","unlabelled","informative","False","3954","['CVE-2023-38039']","2026-05-13T22:42:20.193Z","HTTP/2 proxy CONNECT tunnel unbounded 1xx chain (missing Curl_bump_headersize cap in cf-h2-proxy.c)"
"3734095","unlabelled","informative","False","12975","['CVE-2013-4545', 'CVE-2014-0139']","2026-05-13T23:33:02.924Z","TLS verifyhost bypass in rustls, mbedTLS, and wolfSSL when verifypeer=0"
"3734921","unlabelled","informative","False","7803","['CVE-2022-30115']","2026-05-14T10:35:34.972Z","Trailing-dot IPv4 URL bypasses IP-address guard, allows wildcard DNS SAN match"
"3734935","unlabelled","informative","False","7952","[]","2026-05-14T10:40:50.637Z","rustls backend silently ignores CURLOPT_CRLFILE when native CA store is active"
"3734947","unlabelled","not-applicable","False","8148","[]","2026-05-14T10:48:38.357Z","HTTP/3 paused transfer buffers incoming data without bound up to ~1 GiB"
"3734992","unlabelled","informative","False","6695","[]","2026-05-14T11:06:16.408Z","Schannel custom-CA path skips Extended Key Usage enforcement"
"3735080","unlabelled","not-applicable","False","12402","[]","2026-05-14T11:14:40.676Z","libssh SFTP initialization ignores CURLOPT_TIMEOUT, hangs indefinitely"
"3735179","unlabelled","informative","False","3947","[]","2026-05-14T11:36:05.265Z","CURLOPT_PROXY_CAINFO_BLOB silently activates native CA store on Apple builds"
"3735180","unlabelled","duplicate","False","11322","[]","2026-05-14T11:36:14.205Z","HTTPS proxy connection reuse lets one easy handle inherit another handle's mTLS-authenticated proxy session"
"3735184","vuln","resolved","False","3343","['CVE-2026-8926']","2026-05-14T11:38:36.412Z","CVE-2026-8926: password leak with netrc and user in URL"
"3735193","vuln","resolved","False","7729","['CVE-2026-8925']","2026-05-14T11:47:26.146Z","CVE-2026-8925: SASL double-free"
"3735238","unlabelled","informative","False","7919","[]","2026-05-14T12:13:36.327Z","cookie: case-insensitive path comparison in replace_existing() allows cookie eviction across distinct paths"
"3735276","unlabelled","not-applicable","False","18878","[]","2026-05-14T12:39:44.739Z","TLS peer-verification bypass via mid-transfer ssl_config mutation"
"3736234","unlabelled","informative","False","3753","[]","2026-05-14T18:30:10.199Z","NULL pointer dereference in libcurl URL API redirect_url() with CURLU_DEFAULT_SCHEME"
"3739561","unlabelled","informative","False","11043","['CVE-2020-8231']","2026-05-16T02:59:17.371Z","SSL session-cache peer key omits signature_algorithms: strict-sigalg handle silently resumes a permissive sibling's session"
"3741135","unlabelled","not-applicable","False","12530","['CVE-2026-4873', 'CVE-2026-5545', 'CVE-2026-5773', 'CVE-2026-6429', 'CVE-2026-6253', 'CVE-2026-7168', 'CVE-2026-3784', 'CVE-2026-3805']","2026-05-16T21:24:15.314Z","Connection reuse ignores haproxyprotocol and HAPROXY_CLIENT_IP settings, allowing PROXY context to persist across transfers"
"3741744","unlabelled","not-applicable","False","1819","[]","2026-05-17T07:12:39.301Z","CRLF Injection via Custom HTTP Headers"
"3744543","vuln","resolved","False","12024","['CVE-2026-8927', 'CVE-2026-7168']","2026-05-18T11:47:15.139Z","CVE-2026-8927: env-set cross-proxy Digest auth state leak"
"3747959","unlabelled","not-applicable","False","6883","[]","2026-05-19T11:30:50.585Z","curl --skip-existing has a TOCTOU race that lets a post-check symlink redirect the later download write"
"3749204","vuln","resolved","False","11773","['CVE-2026-9080']","2026-05-19T22:04:22.921Z","CVE-2026-9080: UAF after pause in socket callback"
"3749428","unlabelled","informative","False","12233","[]","2026-05-20T01:40:12.185Z","curl cross-origin HTTPS redirect reuses TLS client certificate for unintended second-origin mTLS authentication"
"3750295","vuln","resolved","False","12028","['CVE-2026-9079']","2026-05-20T10:49:36.468Z","CVE-2026-9079: stale proxy password leak"
"3751697","vuln","resolved","False","4447","['CVE-2026-10536']","2026-05-20T19:31:25.612Z","CVE-2026-10536: HTTP/2 stream-dependency tree UAF"
"3751701","unlabelled","informative","False","4698","[]","2026-05-20T19:35:26.286Z","Use-after-free in `curl_easy_duphandle()` with HTTP/2 stream-dependency tree"
"3751712","vuln","resolved","False","7450","['CVE-2026-9547']","2026-05-20T19:40:43.275Z","CVE-2026-9547: SSH improper host validation"
"3751715","unlabelled","informative","False","3828","[]","2026-05-20T19:43:47.810Z","Heap-OOB read in urlapi `redirect_url()` via `CURLU_GUESS_SCHEME` + `CURLU_NO_GUESS_SCHEME` flow"
"3752567","unlabelled","not-applicable","False","15183","[]","2026-05-21T07:04:58.618Z","curl GnuTLS backend accepts a clientAuth-only certificate for HTTPS server authentication"
"3752888","vuln","resolved","False","7432","['CVE-2026-9545']","2026-05-21T10:57:57.074Z","CVE-2026-9545: exposing HTTP/3 early data"
"3754343","vuln","resolved","False","17500","['CVE-2026-9546']","2026-05-22T03:13:05.737Z","CVE-2026-9546: sending old referer"
"3756699","unlabelled","informative","False","12474","[]","2026-05-23T12:20:36.932Z","lib/ldap.c follows attacker-controlled LDAP referrals and binds to a second server; WinLDAP builds leak current logon credentials (confirmed on Window"
"3761647","unlabelled","informative","False","6015","[]","2026-05-26T02:47:20.445Z","TLS conn reuse and session cache ignore fsslctx callback and ssl_config_data flags ( incomplete fix variant of 7541ae569 )"
"3761789","unlabelled","not-applicable","False","1891","[]","2026-05-26T05:19:20.066Z","Mentioned unites are at the same time .Then we have to increase the bounty."
"3766065","unlabelled","informative","False","6857","['CVE-2022-27774']","2026-05-28T03:28:24.272Z","CURLOPT_COOKIE leaked to cross-origin redirect target — CURLOPT_UNRESTRICTED_AUTH bypass for the STRING_COOKIE path"
"3766392","unlabelled","not-applicable","False","12307","[]","2026-05-28T08:54:52.924Z","curl External-Controlled Filename in `--url @file` Leads to Arbitrary File Overwrite"
"3767963","unlabelled","informative","False","3119","[]","2026-05-28T18:53:36.866Z","Proxy CONNECT response poisoning via authentication retry in cf-h1-proxy.c (libcurl)"
"3769293","unlabelled","informative","False","4531","[]","2026-05-29T09:18:15.039Z","Low priority HSTS bypass in curl_easy_duphandle()"
"3770979","unlabelled","not-applicable","False","9557","[]","2026-05-30T07:56:25.564Z","SMTP connection reuse ignores --ssl-reqd / CURLOPT_USE_SSL and reuses a clear-text STARTTLS session on current master"
"3773293","unlabelled","informative","False","5196","[]","2026-05-31T17:50:14.756Z","curl/libcurl 8.20.0 NOPROXY bypass via uppercase-hex IPv4 aliases leaks off-proxy Basic credentials to the configured proxy"
"3774279","unlabelled","informative","False","5857","[]","2026-06-01T08:53:35.442Z","heap-use-after-free in state.referer when CURLOPT_REFERER replaced or cleared after perform"
"3774977","unlabelled","informative","False","6054","[]","2026-06-01T15:28:56.906Z","libcurl 8.20.0 ignores HTTP Digest domain protection space and preemptively leaks Digest auth outside the declared scope"
"3776433","unlabelled","not-applicable","False","8796","[]","2026-06-02T09:06:58.503Z","TFTP upload ignores --continue-at / CURLOPT_RESUME_FROM and leaks skipped local file prefix"
"3776535","unlabelled","informative","False","15392","[]","2026-06-02T09:49:31.247Z","RTSP Digest auth state leaks across origins on reused libcurl easy handle"
"3777381","unlabelled","not-applicable","False","4976","[]","2026-06-02T15:52:44.100Z","PRE_PROXY change leaks stale Proxy Digest state across proxy-chain boundary"
"3780733","unlabelled","not-applicable","False","2026","[]","2026-06-03T21:19:42.934Z","DNS domain search list followed for extant domain missing A or AAAA records"
"3781305","unlabelled","informative","False","9937","[]","2026-06-04T06:03:08.017Z","OpenSSL TLS 1.2 session resumption accepts expired server certificates in libcurl"
"3783438","vuln","resolved","False","18046","['CVE-2026-11352']","2026-06-05T03:49:59.586Z","CVE-2026-11352: QUIC zero-length UDP datagrams busy-loop"
"3784125","unlabelled","not-applicable","False","4798","['CVE-2020-8286']","2026-06-05T11:44:51.186Z","GnuTLS OCSP stapling accepts unrelated SingleResponse (no cert-ID binding)"
"3785919","unlabelled","not-applicable","False","8094","[]","2026-06-06T11:38:11.055Z","libcurl: HTTP/1.x bare LF byte in response header value enables cookie jar pollution and POST body/credential exfiltration via redirect — RC=0, curl 8"
"3786077","unlabelled","not-applicable","False","4925","[]","2026-06-06T13:49:05.823Z","SOCKS5 no-auth accepted despite username/password-only authentication"
"3788506","unlabelled","informative","False","5843","['CVE-2022-27782', 'CVE-2023-27538']","2026-06-08T03:11:00.447Z","SSH/SFTP connection reuse can bypass SSH key identity after ssh_config_matches removal"
"3788931","vuln","resolved","False","5277","['CVE-2026-11586']","2026-06-08T07:54:48.687Z","CVE-2026-11586: WS Auto-PONG memory exhaustion"
"3788984","vuln","resolved","False","10853","['CVE-2026-11564']","2026-06-08T08:24:56.214Z","CVE-2026-11564: Native CA trust persist"
"3791168","unlabelled","informative","False","469","[]","2026-06-09T01:45:05.774Z","curl-ipv4-percent-normalization-SSRF"
"3791191","unlabelled","informative","False","4970","['CVE-2022-27774']","2026-06-09T02:20:11.959Z","Trailing-Dot Hostname in Redirect Silently Strips Client Certificate and Auth Credentials"
"3793260","vuln","resolved","False","6957","['CVE-2026-11856']","2026-06-10T05:00:51.031Z","CVE-2026-11856: cross-origin Digest auth state leak"
"3793495","unlabelled","not-applicable","False","1574","[]","2026-06-10T07:54:45.717Z","Incomplete Suppression of  Transfer-Encoding: chunked Header in HTTP/2 After Redirect From HTTP/1.1"
"3795615","unlabelled","informative","False","7971","[]","2026-06-11T08:27:36.252Z","Duplicate chunked Transfer-Encoding lets a malicious origin smuggle a response across reused HTTP proxy connections"
"3797526","vuln","resolved","False","7388","['CVE-2026-12064']","2026-06-12T02:55:28.111Z","CVE-2026-12064: proto-default skips SSH verification"
"3802645","unlabelled","not-applicable","False","3821","[]","2026-06-15T00:13:32.608Z","verify-release rebuilds from the tarball under verification, enabling pre-check command execution and false OK for a malicious curl release tarball"
"3803415","unlabelled","not-applicable","False","5052","[]","2026-06-15T11:37:09.463Z"," Secure cookies leaked to HTTP origins through HTTPS forwarding proxy"
"3804525","unlabelled","not-applicable","False","2026","[]","2026-06-15T21:56:38.409Z","Vulnerability Report: Buffer Overflow in Path Sanitization"
"3822248","vuln","resolved","False","6532","['CVE-2026-13608']","2026-06-24T08:36:36.503Z","CVE-2026-13608: OpenLDAP SASL authentication bypass"
"3823932","unlabelled","not-applicable","False","3337","[]","2026-06-25T07:05:50.744Z","CURLOPT_HAPROXY_CLIENT_IP lacks input validation, enabling HAProxy PROXY protocol injection"
"3823985","unlabelled","informative","False","7294","['CVE-2026-9080']","2026-06-25T07:56:56.113Z","Use-after-free in `mev_forget_socket` when `curl_easy_pause()` is called from a `CURL_POLL_REMOVE` socket callback (incomplete fix of CVE-2026-9080)"
"3824303","unlabelled","informative","False","3291","['CVE-2026-9080']","2026-06-25T12:17:29.283Z","UAF read in mev_pollset_diff() trace path after curl_easy_pause() in socket callback"
"3826199","unlabelled","not-applicable","False","5799","[]","2026-06-26T08:37:53.328Z","mbedTLS / wolfSSL / rustls backends silently skip hostname verification when CURLOPT_SSL_VERIFYPEER=0"
"3826843","unlabelled","informative","False","6095","['CVE-2022-27782', 'CVE-2023-27538']","2026-06-26T14:17:29.011Z","ssh_config_matches is dead code: unauthorized SSH key reuse"
"3831345","unlabelled","informative","False","8478","[]","2026-06-29T11:47:21.363Z","CURLSHOPT_UNSHARE race can cause UAF in shared SSL session cache during HTTPS transfer"
"3831432","unlabelled","not-applicable","False","4039","[]","2026-06-29T12:43:00.211Z","setopt(VERIFYPEER) from callback bypasses TLS verify on connection reuse"
"3832393","unlabelled","not-applicable","False","9300","[]","2026-06-29T19:08:01.622Z","libcurl upload read callbacks miss recursive API guard, allowing prohibited multi API reentry and ASAN-confirmed UAF"
"3833577","unlabelled","not-applicable","False","4569","[]","2026-06-30T07:12:59.175Z","heap-use-after-free in curl_easy_cleanup() called from callback"
"3911605","unlabelled","not-applicable","False","2385","[]","2026-08-03T07:02:33.903Z","SMTP CRLF injection in custom SMTP recipient operand allows additional SMTP commands after authentication"
"3911968","unlabelled","not-applicable","False","6711","['CVE-2026-9080']","2026-08-03T08:50:07.067Z","Heap use-after-free (write) in mev_forget_socket() via reentrant curl_easy_pause() — incomplete fix for CVE-2026-9080"
"3916059","vuln","resolved","False","7572","['CVE-2026-18924']","2026-08-04T15:44:52.562Z","CVE-2026-18924: HTTP/2 server push UAF"
"3917775","unlabelled","not-applicable","False","4696","[]","2026-08-05T09:05:25.691Z","curl Missing Sec-WebSocket-Accept Verification Enables MITM WebSocket Session Hijacking"
"3920276","unlabelled","informative","False","1920","[]","2026-08-06T04:59:14.144Z","Cookie jar load skips public suffix check on PSL builds"
"3923212","unlabelled","not-applicable","False","1390","[]","2026-08-07T09:00:04.917Z","URL API: triple-slash parses path segment as hostname"
"3923520","vuln","resolved","False","2370","['CVE-2026-19931']","2026-08-07T12:21:52.577Z","CVE-2026-19931: Negotiate ambient user conn reuse"
"3938185","unlabelled","not-applicable","False","1210","[]","2026-08-13T19:32:03.000Z","Windows SSPI connection-pool probe can reuse a connection under the wrong user"
"3938220","unlabelled","not-applicable","False","999","[]","2026-08-13T19:52:19.815Z","libcurl cache updates follow symlinks and truncate their targets"
"3952619","unlabelled","informative","False","2469","[]","2026-08-19T06:31:36.053Z","Domainless COOKIEFILE cookie leaks to unrelated IP-literal hosts"
"3955945","unlabelled","not-applicable","False","10562","[]","2026-08-20T11:48:33.339Z"," curl_share TOCTOU > RCE via Curl_llist _dtor Function Pointer Hijack"
"3963330","unlabelled","informative","False","10035","[]","2026-08-23T15:44:46.331Z","libcurl Digest/NTLM authentication ignores an explicit Authorization header"
"3963494","unlabelled","not-applicable","False","14568","[]","2026-08-23T17:25:36.691Z","RTSP CRLF injection in libcurl allows CURLOPT_RTSP_* values to inject commands into independent sessions"
"3963725","unlabelled","not-applicable","False","8089","[]","2026-08-23T19:44:02.706Z","wolfSSL backend disables hostname verification when CURLOPT_SSL_VERIFYPEER is 0"
"3966955","unlabelled","informative","False","1672","['CVE-2021-22924']","2026-08-25T01:16:32.448Z","TLS session cache case-folds CA paths and bypasses the active trust profile"
"3968431","unlabelled","not-applicable","False","2071","[]","2026-08-25T13:41:05.550Z","ARG_CLEAR credential scrubbing wipes only UTF-8 copies on Windows Unicode builds"
"3968729","unlabelled","informative","False","4323","[]","2026-08-25T15:43:03.560Z","Unbound cross-peer HTTP Digest challenge state"
"3969255","vuln","resolved","False","3719","['CVE-2026-80229']","2026-08-25T18:11:27.760Z","CVE-2026-80229: OpenSSL provider use-after-free"
"3969300","vuln","resolved","False","3291","['CVE-2026-80230']","2026-08-25T18:14:37.562Z","CVE-2026-80230: OpenSSL pinning bypass"
"3969368","vuln","resolved","False","2285","['CVE-2026-80231']","2026-08-25T18:40:29.465Z","CVE-2026-80231: native CA store conn reuse"
"3969820","vuln","resolved","False","1507","['CVE-2026-80256', 'CVE-2025-11563']","2026-08-25T20:34:01.415Z","CVE-2026-80256: wcurl backslash bypass"
"3970639","unlabelled","informative","False","1998","[]","2026-08-26T08:00:18.457Z","--etag-save - truncates append-redirected stdout"
"3970650","unlabelled","informative","False","1939","[]","2026-08-26T08:07:13.649Z","Stacked --proto modifiers leave denied protocol enabled"
"3971496","unlabelled","informative","False","2793","[]","2026-08-26T15:33:19.178Z","28: HTTP/3 UDP path ignores CURL_SOCKOPT_ALREADY_CONNECTED, reconnects callback-provided socket"
"3971585","unlabelled","informative","False","3147","['CVE-2020-8231']","2026-08-26T16:07:57.026Z","33: CONNECT_ONLY raw I/O selects wrong connection after CURLOPT_SHARE detach (incomplete fix for CVE-2020-8231)"
"3972196","unlabelled","informative","False","3075","[]","2026-08-26T21:22:27.332Z","34: `curl_mprintf` reads `double` for documented `long double` conversions — uninitialized value disclosure"
"3972316","unlabelled","informative","False","3491","[]","2026-08-26T22:10:54.803Z","46: `--libcurl` output carries `--insecure` across `--next` boundaries"
"3972385","vuln","resolved","False","4414","['CVE-2026-82209']","2026-08-26T22:49:19.035Z","CVE-2026-82209: domain-scoped PSL domain cookie"
"3972395","vuln","resolved","False","4218","['CVE-2026-80255']","2026-08-26T22:58:23.895Z","CVE-2026-80255: secure cookie attribute bypass with tab"
"3973090","vuln","resolved","False","4202","['CVE-2026-82208']","2026-08-27T08:28:10.963Z","CVE-2026-82208: wolfSSL CA-cache hit overrides callback"
"3973093","unlabelled","informative","False","5860","['CVE-2026-7009']","2026-08-27T08:32:51.863Z","06: Incomplete fix for CVE-2026-7009: GCC/SecTrust builds silently discard stapled OCSP responses"
"3973098","unlabelled","not-applicable","False","4929","[]","2026-08-27T08:38:18.425Z","07: GnuTLS 0-RTT early data bypasses file-backed public-key pin verification"
"3973127","unlabelled","informative","False","6170","[]","2026-08-27T08:57:01.644Z","18:  Explicit IPv6 proxy zone ID silently ignored — proxy credentials sent to wrong interface"
"3973158","unlabelled","informative","False","5134","[]","2026-08-27T09:14:20.361Z","41: `main_checkfds()` pipe reuse leaks proxy credentials into HTTPS upload body"
"3973169","unlabelled","informative","False","6029","[]","2026-08-27T09:17:36.999Z","42: `VMS_STS` macro typo (`< 3` vs `<< 3`) turns curl failures into successful OpenVMS conditions"
"3973228","unlabelled","informative","False","4790","[]","2026-08-27T09:45:29.033Z","50: CMake `HTTP_ONLY` does not disable SSH backends — SCP and SFTP remain usable"
